[
  {
    "id": 1,
    "title": "机器学习入门教程",
    "content": "机器学习是人工智能的核心领域，涵盖监督学习、无监督学习和强化学习。本文介绍基本概念和算法。",
    "tags": ["机器学习", "人工智能", "算法"],
    "category": "技术"
  },
  {
    "id": 2,
    "title": "Python编程基础",
    "content": "Python是一种高级编程语言，语法简洁，适合数据科学、Web开发和自动化脚本。",
    "tags": ["Python", "编程", "开发"],
    "category": "编程"
  },
  {
    "id": 3,
    "title": "深度学习在图像识别中的应用",
    "content": "卷积神经网络在图像识别领域取得了突破性进展，广泛应用于医疗影像、自动驾驶等场景。",
    "tags": ["深度学习", "图像识别", "神经网络"],
    "category": "人工智能"
  },
  {
    "id": 4,
    "title": "Web开发最佳实践",
    "content": "现代Web开发需要考虑响应式设计、性能优化、安全性等多个方面。",
    "tags": ["Web开发", "前端", "后端"],
    "category": "开发"
  },
  {
    "id": 5,
    "title": "数据科学工作流程",
    "content": "数据科学项目包括数据收集、清洗、分析和可视化等步骤，需要多种工具和技能。",
    "tags": ["数据科学", "数据分析", "可视化"],
    "category": "数据科学"
  },
  {
    "id": 6,
    "title": "推荐系统算法",
    "content": "协同过滤、内容推荐和混合推荐是构建推荐系统的常用方法。",
    "tags": ["推荐系统", "算法", "个性化"],
    "category": "算法"
  },
  {
    "id": 7,
    "title": "自然语言处理基础",
    "content": "NLP涉及文本分类、情感分析、机器翻译等技术，是人工智能的重要分支。",
    "tags": ["自然语言处理", "NLP", "文本分析"],
    "category": "人工智能"
  },
  {
    "id": 8,
    "title": "前端框架比较",
    "content": "React、Vue和Angular是当前最流行的前端框架，各有特点和适用场景。",
    "tags": ["前端", "React", "Vue", "框架"],
    "category": "前端"
  },
  {
    "id": 9,
    "title": "数据库设计原则",
    "content": "良好的数据库设计需要考虑范式、索引优化和查询性能。",
    "tags": ["数据库", "设计", "SQL"],
    "category": "数据库"
  },
  {
    "id": 10,
    "title": "DevOps实践指南",
    "content": "DevOps强调开发和运维的协作，通过自动化提高软件交付效率。",
    "tags": ["DevOps", "运维", "自动化"],
    "category": "运维"
  }
]